true_intent,predicted_intent,count,percentage_of_70_errors
inform_budget,build_pc,9,12.86%
inform_usage,build_pc,6,8.57%
inform_future_upgrade,upgrade_pc,5,7.14%
build_pc,inform_budget,4,5.71%
ask_ram_info,inform_current_specs,3,4.29%
optimize_performance,upgrade_pc,3,4.29%
build_pc,inform_usage,2,2.86%
build_pc,upgrade_pc,2,2.86%
deny,upgrade_pc,2,2.86%
goodbye,inform_budget,2,2.86%
inform_usage,upgrade_pc,2,2.86%
upgrade_pc,inform_future_upgrade,2,2.86%
affirm,deny,1,1.43%
affirm,goodbye,1,1.43%
affirm,inform_future_upgrade,1,1.43%
affirm,inform_usage,1,1.43%
ask_cpu_info,inform_current_specs,1,1.43%
ask_cpu_info,optimize_performance,1,1.43%
ask_gpu_info,ask_ssd_hdd_diff,1,1.43%
ask_gpu_info,build_pc,1,1.43%
ask_gpu_info,inform_usage,1,1.43%
ask_ram_info,upgrade_pc,1,1.43%
ask_ssd_hdd_diff,ask_ram_info,1,1.43%
ask_ssd_hdd_diff,optimize_performance,1,1.43%
build_pc,inform_current_specs,1,1.43%
deny,build_pc,1,1.43%
greet,affirm,1,1.43%
greet,inform_usage,1,1.43%
inform_budget,upgrade_pc,1,1.43%
inform_current_specs,build_pc,1,1.43%
inform_current_specs,inform_usage,1,1.43%
inform_future_upgrade,inform_usage,1,1.43%
inform_usage,inform_budget,1,1.43%
optimize_performance,ask_cpu_info,1,1.43%
optimize_performance,ask_ssd_hdd_diff,1,1.43%
optimize_performance,build_pc,1,1.43%
upgrade_pc,build_pc,1,1.43%
upgrade_pc,inform_current_specs,1,1.43%
upgrade_pc,inform_usage,1,1.43%
upgrade_pc,optimize_performance,1,1.43%
